{"cameraMode":{"drawMode":0,"name":"Shaded","section":"Shading Mode"},"sceneLighting":false,"audioPlay":false,"sceneViewState":{"m_AlwaysRefresh":false,"showFog":true,"showSkybox":false,"showFlares":true,"showImageEffects":true,"showParticleSystems":true,"showVisualEffectGraphs":true,"m_FxEnabled":true},"in2DMode":false,"pivot":{"x":-1.6026159524917603,"y":-1.2071075439453126,"z":17.439388275146486},"rotation":{"x":0.05271952226758003,"y":-0.052100636065006259,"z":0.002675936557352543,"w":0.9972897171974182},"size":6.525391578674316,"orthographic":false}